Aberdeen,Grays Harbor
Airway Heights,Spokane
Algona,King
Anacortes,Skagit
Arlington,Snohomish
Asotin,Asotin
Auburn,Pierce
Bainbridge Island,Kitsap
Battle Ground,Clark
Bellevue,King
Bellingham,Whatcom
Benton City,Benton
Bingen,Klickitat
Black Diamond,King
Blaine,Whatcom
Bonney Lake,Pierce
Bothell,Snohomish
Bremerton,Kitsap
Brewster,Okanogan
Bridgeport,Douglas
Brier,Snohomish
Buckley,Pierce
Burien,King
Burlington,Skagit
Camas,Clark
Carnation,King
Cashmere,Chelan
Castle Rock,Cowlitz
Centralia,Lewis
Chehalis,Lewis
Chelan,Chelan
Cheney,Spokane
Chewelah,Stevens
Clarkston,Asotin
Cle Elum,Kittitas
Clyde Hill,King
Colfax,Whitman
College Place,Walla Walla
Colville,Stevens
Connell,Franklin
Cosmopolis,Grays Harbor
Covington,King
Davenport,Lincoln
Dayton,Columbia
Deer Park,Spokane
Des Moines,King
DuPont,Pierce
Duvall,King
East Wenatchee,Douglas
Edgewood,Pierce
Edmonds,Snohomish
Electric City,Grant
Ellensburg,Kittitas
Elma,Grays Harbor
Entiat,Chelan
Enumclaw,Pierce
Ephrata,Grant
Everett,Snohomish
Everson,Whatcom
Federal Way,King
Ferndale,Whatcom
Fife,Pierce
Fircrest,Pierce
Forks,Clallam
George,Grant
Gig Harbor,Pierce
Gold Bar,Snohomish
Goldendale,Klickitat
Grand Coulee,Grant
Grandview,Yakima
Granger,Yakima
Granite Falls,Snohomish
Harrington,Lincoln
Hoquiam,Grays Harbor
Ilwaco,Pacific
Issaquah,King
Kahlotus,Franklin
Kalama,Cowlitz
Kelso,Cowlitz
Kenmore,King
Kennewick,Benton
Kent,King
Kettle Falls,Stevens
Kirkland,King
Kittitas,Kittitas
La Center,Clark
Lacey,Thurston
Lake Forest Park,King
Lake Stevens,Snohomish
Lakewood,Pierce
Langley,Island
Leavenworth,Chelan
Liberty Lake,Spokane
Long Beach,Pacific
Longview,Cowlitz
Lynden,Whatcom
Lynnwood,Snohomish
Mabton,Yakima
Maple Valley,King
Marysville,Snohomish
Mattawa,Grant
McCleary,Grays Harbor
Medical Lake,Spokane
Medina,King
Mercer Island,King
Mesa,Franklin
Mill Creek,Snohomish
Millwood,Spokane
Milton,King
Monroe,Snohomish
Montesano,Grays Harbor
Morton,Lewis
Moses Lake,Grant
Mossyrock,Lewis
Mount Vernon,Skagit
Mountlake Terrace,Snohomish
Moxee,Yakima
Mukilteo,Snohomish
Napavine,Lewis
Newcastle,King
Newport,Pend Oreille
Nooksack,Whatcom
Normandy Park,King
North Bend,King
North Bonneville,Skamania
Oak Harbor,Island
Oakville,Grays Harbor
Ocean Shores,Grays Harbor
Okanogan,Okanogan
Olympia,Thurston
Omak,Okanogan
Oroville,Okanogan
Orting,Pierce
Othello,Adams
Pacific,Pierce
Palouse,Whitman
Pasco,Franklin
Pateros,Okanogan
Pomeroy,Garfield
Port Angeles,Clallam
Port Orchard,Kitsap
Port Townsend,Jefferson
Poulsbo,Kitsap
Prescott,Walla Walla
Prosser,Benton
Pullman,Whitman
Puyallup,Pierce
Quincy,Grant
Rainier,Thurston
Raymond,Pacific
Redmond,King
Renton,King
Republic,Ferry
Richland,Benton
Ridgefield,Clark
Ritzville,Adams
Rock Island,Douglas
Roslyn,Kittitas
Roy,Pierce
Royal City,Grant
Ruston,Pierce
Sammamish,King
SeaTac,King
Seattle,King
Sedro-Woolley,Skagit
Selah,Yakima
Sequim,Clallam
Shelton,Mason
Shoreline,King
Snohomish,Snohomish
Snoqualmie,King
Soap Lake,Grant
South Bend,Pacific
Spangle,Spokane
Spokane,Spokane
Spokane Valley,Spokane
Sprague,Lincoln
Stanwood,Snohomish
Stevenson,Skamania
Sultan,Snohomish
Sumas,Whatcom
Sumner,Pierce
Sunnyside,Yakima
Tacoma,Pierce
Tekoa,Whitman
Tenino,Thurston
Tieton,Yakima
Toledo,Lewis
Tonasket,Okanogan
Toppenish,Yakima
Tukwila,King
Tumwater,Thurston
Union Gap,Yakima
University Place,Pierce
Vader,Lewis
Vancouver,Clark
Waitsburg,Walla Walla
Walla Walla,Walla Walla
Wapato,Yakima
Warden,Grant
Washougal,Clark
Wenatchee,Chelan
West Richland,Benton
Westport,Grays Harbor
White Salmon,Klickitat
Winlock,Lewis
Woodinville,King
Woodland,Clark
Woodway,Snohomish
Yakima,Yakima
Yelm,Thurston
Zillah,Yakima
